date,stock_symbol,open,high,low,close,volume,daily_return,sector
2023-01-02,TECH_A,147.36,148.83,144.82,146.65,1855749,-0.0224,Tech
2023-01-03,TECH_A,147.27,149.33,145.28,147.02,649364,0.0025,Tech
2023-01-04,TECH_A,148.15,150.57,143.33,147.58,1916134,0.0039,Tech
2023-01-05,TECH_A,150.75,154.44,145.99,150.22,948299,0.0178,Tech
2023-01-06,TECH_A,150.78,154.84,147.77,150.21,1160224,-0.0,Tech
2023-01-09,TECH_A,149.09,150.18,148.58,148.85,539732,-0.0091,Tech
2023-01-10,TECH_A,146.88,149.84,144.62,147.61,776219,-0.0084,Tech
2023-01-11,TECH_A,142.13,142.16,141.47,141.57,1730301,-0.0409,Tech
2023-01-12,TECH_A,140.78,141.47,138.83,141.28,861242,-0.0021,Tech
2023-01-13,TECH_A,139.24,141.55,135.18,139.03,1392488,-0.0159,Tech
2023-01-16,TECH_A,137.71,138.05,136.86,137.31,1451688,-0.0123,Tech
2023-01-17,TECH_A,138.06,142.63,136.59,138.72,670127,0.0103,Tech
2023-01-18,TECH_A,144.09,145.0,142.4,144.78,1731347,0.0437,Tech
2023-01-19,TECH_A,140.45,142.62,136.27,140.4,1063343,-0.0302,Tech
2023-01-20,TECH_A,139.84,144.26,138.68,140.46,1998393,0.0004,Tech
2023-01-23,TECH_A,142.23,144.17,138.77,142.09,1700506,0.0116,Tech
2023-01-24,TECH_A,141.9,142.9,137.84,141.33,1585389,-0.0053,Tech
2023-01-25,TECH_A,139.87,143.61,138.91,140.03,1447077,-0.0092,Tech
2023-01-26,TECH_A,136.15,140.29,134.73,136.45,2205607,-0.0256,Tech
2023-01-27,TECH_A,139.63,141.05,139.05,139.2,586473,0.0201,Tech
2023-01-30,TECH_A,140.32,144.38,137.17,139.94,1511704,0.0054,Tech
2023-01-31,TECH_A,143.91,146.52,142.6,143.39,1087618,0.0246,Tech
2023-02-01,TECH_A,143.89,146.14,142.5,144.28,805154,0.0062,Tech
2023-02-02,TECH_A,142.62,142.78,140.78,142.2,1581014,-0.0144,Tech
2023-02-03,TECH_A,146.52,149.65,144.98,145.87,2096726,0.0258,Tech
2023-02-06,TECH_A,143.73,146.95,140.73,143.2,1709243,-0.0183,Tech
2023-02-07,TECH_A,146.05,150.33,145.31,145.52,1067813,0.0162,Tech
2023-02-08,TECH_A,143.08,147.24,140.34,143.44,1532815,-0.0143,Tech
2023-02-09,TECH_A,143.32,146.68,139.58,143.09,969080,-0.0025,Tech
2023-02-10,TECH_A,139.13,142.62,136.3,138.47,2112520,-0.0323,Tech
2023-02-13,TECH_A,136.59,140.02,133.41,136.8,1758378,-0.012,Tech
2023-02-14,TECH_A,134.48,136.41,133.47,134.78,654362,-0.0147,Tech
2023-02-15,TECH_A,134.83,137.73,133.22,134.62,1650939,-0.0012,Tech
2023-02-16,TECH_A,135.99,138.48,133.81,135.39,1650507,0.0057,Tech
2023-02-17,TECH_A,132.61,135.62,132.28,132.83,565080,-0.0189,Tech
2023-02-20,TECH_A,132.16,135.59,131.46,132.21,1880754,-0.0047,Tech
2023-02-21,TECH_A,133.76,135.55,131.8,133.17,1125008,0.0072,Tech
2023-02-22,TECH_A,131.71,133.69,130.66,131.39,1725970,-0.0134,Tech
2023-02-23,TECH_A,126.87,129.89,124.73,127.48,1361137,-0.0297,Tech
2023-02-24,TECH_A,128.43,131.18,126.22,127.94,1660911,0.0036,Tech
2023-02-27,TECH_A,130.04,130.75,126.46,130.64,1278613,0.0211,Tech
2023-02-28,TECH_A,134.57,136.17,131.88,134.87,1798300,0.0323,Tech
2023-03-01,TECH_A,136.01,138.16,134.35,136.05,1725698,0.0088,Tech
2023-03-02,TECH_A,136.45,139.19,133.62,136.37,1127136,0.0023,Tech
2023-03-03,TECH_A,135.69,140.05,133.64,136.06,2016918,-0.0023,Tech
2023-03-06,TECH_A,132.87,133.03,132.48,132.86,1930494,-0.0235,Tech
2023-03-07,TECH_A,133.11,135.55,131.14,132.81,1999044,-0.0004,Tech
2023-03-08,TECH_A,134.88,138.83,134.08,134.78,2145522,0.0148,Tech
2023-03-09,TECH_A,133.43,134.24,131.32,133.31,1651935,-0.0109,Tech
2023-03-10,TECH_A,130.51,131.11,128.72,130.02,1009815,-0.0246,Tech
2023-03-13,TECH_A,129.96,133.82,127.0,130.15,645565,0.001,Tech
2023-03-14,TECH_A,130.41,131.69,129.02,130.23,593344,0.0006,Tech
2023-03-15,TECH_A,129.17,132.33,128.65,128.71,2016046,-0.0117,Tech
2023-03-16,TECH_A,126.7,127.21,123.79,126.39,738847,-0.018,Tech
2023-03-17,TECH_A,123.06,125.15,120.14,123.11,609913,-0.0259,Tech
2023-03-20,TECH_A,121.17,123.43,119.41,121.71,1883729,-0.0114,Tech
2023-03-21,TECH_A,125.69,125.99,122.43,125.4,1114675,0.0303,Tech
2023-03-22,TECH_A,125.84,127.79,124.27,125.24,1534412,-0.0013,Tech
2023-03-23,TECH_A,123.73,124.53,122.39,123.3,1962744,-0.0154,Tech
2023-03-24,TECH_A,123.0,125.89,119.79,122.43,1393521,-0.0071,Tech
2023-03-27,TECH_A,120.39,122.28,118.06,120.51,991203,-0.0157,Tech
2023-03-28,TECH_A,123.1,123.68,121.99,122.64,960487,0.0177,Tech
2023-03-29,TECH_A,123.94,127.39,121.91,124.03,840597,0.0113,Tech
2023-03-30,TECH_A,124.22,127.94,123.11,123.9,1825189,-0.0011,Tech
2023-03-31,TECH_A,121.85,125.13,118.19,121.55,2074279,-0.0189,Tech
2023-04-03,TECH_A,122.49,125.65,121.52,123.01,2114790,0.012,Tech
2023-04-04,TECH_A,123.05,124.46,121.09,122.72,1062151,-0.0023,Tech
2023-04-05,TECH_A,121.24,123.58,120.9,121.58,1955969,-0.0093,Tech
2023-04-06,TECH_A,119.67,120.49,116.96,120.2,932613,-0.0113,Tech
2023-04-07,TECH_A,119.94,122.02,118.2,119.84,1023180,-0.003,Tech
2023-04-10,TECH_A,118.62,121.56,116.06,118.38,666591,-0.0122,Tech
2023-04-11,TECH_A,117.0,117.59,115.12,117.04,878517,-0.0113,Tech
2023-04-12,TECH_A,116.6,116.69,114.77,116.32,777396,-0.0061,Tech
2023-04-13,TECH_A,115.32,117.44,113.31,115.13,1186593,-0.0102,Tech
2023-04-14,TECH_A,116.16,117.02,113.62,115.71,1018775,0.0051,Tech
2023-04-17,TECH_A,116.41,119.2,115.96,116.01,1565263,0.0025,Tech
2023-04-18,TECH_A,116.51,119.94,112.75,116.22,1464226,0.0018,Tech
2023-04-19,TECH_A,117.34,120.3,116.7,116.89,1344000,0.0058,Tech
2023-04-20,TECH_A,116.72,117.34,115.13,117.3,1173233,0.0035,Tech
2023-04-21,TECH_A,113.76,114.99,112.8,113.29,2171763,-0.0342,Tech
2023-04-24,TECH_A,111.41,112.91,110.62,111.42,1690967,-0.0165,Tech
2023-04-25,TECH_A,109.99,110.68,107.66,110.24,939626,-0.0105,Tech
2023-04-26,TECH_A,109.93,113.07,108.74,109.78,1930244,-0.0043,Tech
2023-04-27,TECH_A,110.95,112.13,110.44,111.04,1965566,0.0116,Tech
2023-04-28,TECH_A,112.58,112.66,111.88,112.63,993958,0.0143,Tech
2023-05-01,TECH_A,116.68,118.58,114.47,116.2,1084148,0.0317,Tech
2023-05-02,TECH_A,116.37,119.38,114.44,116.6,757988,0.0034,Tech
2023-05-03,TECH_A,116.5,118.82,114.65,116.54,716928,-0.0005,Tech
2023-05-04,TECH_A,114.94,118.06,112.03,114.93,1640780,-0.0138,Tech
2023-05-05,TECH_A,117.26,121.0,115.93,117.67,1982239,0.0239,Tech
2023-05-08,TECH_A,118.47,121.41,117.69,118.77,1147246,0.0093,Tech
2023-05-09,TECH_A,121.25,124.43,117.77,121.75,884277,0.025,Tech
2023-05-10,TECH_A,119.8,120.15,119.5,119.6,1961118,-0.0176,Tech
2023-05-11,TECH_A,122.28,123.23,121.26,121.81,865249,0.0184,Tech
2023-05-12,TECH_A,122.63,124.79,121.58,122.73,565900,0.0076,Tech
2023-05-15,TECH_A,124.16,127.23,122.86,124.33,907091,0.013,Tech
2023-05-16,TECH_A,120.95,123.67,118.96,121.38,842949,-0.0238,Tech
2023-05-17,TECH_A,118.67,121.09,117.83,119.14,1489203,-0.0185,Tech
2023-05-18,TECH_A,117.58,118.03,115.22,117.2,1528952,-0.0162,Tech
2023-05-19,TECH_A,119.73,122.07,116.21,119.46,1691363,0.0192,Tech
2023-05-22,TECH_A,121.8,125.43,120.41,121.53,1662922,0.0173,Tech
2023-05-23,TECH_A,124.32,127.22,122.26,123.7,673730,0.0179,Tech
2023-05-24,TECH_A,124.13,126.77,123.01,123.85,690875,0.0012,Tech
2023-05-25,TECH_A,121.67,122.55,120.2,121.35,1037375,-0.0201,Tech
2023-05-26,TECH_A,122.69,125.64,119.42,123.29,1607960,0.016,Tech
2023-05-29,TECH_A,124.51,128.06,123.72,124.69,645593,0.0114,Tech
2023-05-30,TECH_A,123.48,124.84,122.68,123.59,1164625,-0.0088,Tech
2023-05-31,TECH_A,126.0,129.55,123.25,125.41,1701637,0.0147,Tech
2023-06-01,TECH_A,129.1,132.58,125.08,128.67,1077259,0.026,Tech
2023-06-02,TECH_A,126.95,129.27,125.67,127.37,1308965,-0.0101,Tech
2023-06-05,TECH_A,123.95,124.19,123.28,123.74,2180814,-0.0285,Tech
2023-06-06,TECH_A,125.1,128.57,121.8,125.57,1194051,0.0148,Tech
2023-06-07,TECH_A,125.96,128.4,123.32,126.18,1491571,0.0049,Tech
2023-06-08,TECH_A,128.32,129.15,125.6,128.15,1909596,0.0156,Tech
2023-06-09,TECH_A,127.36,129.55,126.01,127.5,1047747,-0.0051,Tech
2023-06-12,TECH_A,126.75,128.2,123.18,127.11,970515,-0.003,Tech
2023-06-13,TECH_A,123.22,127.01,121.71,123.44,1923576,-0.0289,Tech
2023-06-14,TECH_A,124.01,125.9,122.29,124.39,1833240,0.0077,Tech
2023-06-15,TECH_A,126.18,129.0,125.11,126.73,2151973,0.0188,Tech
2023-06-16,TECH_A,125.83,128.71,124.55,125.56,1810137,-0.0092,Tech
2023-06-19,TECH_A,127.81,128.19,123.88,127.3,1811619,0.0138,Tech
2023-06-20,TECH_A,129.3,132.4,125.44,129.79,729528,0.0195,Tech
2023-06-21,TECH_A,128.89,129.41,128.29,129.08,1844684,-0.0054,Tech
2023-06-22,TECH_A,127.54,128.24,124.76,127.51,1351624,-0.0122,Tech
2023-06-23,TECH_A,129.48,129.84,126.45,129.17,2013166,0.013,Tech
2023-06-26,TECH_A,131.25,133.33,127.82,130.61,1780052,0.0111,Tech
2023-06-27,TECH_A,130.0,131.44,129.17,130.45,1157632,-0.0012,Tech
2023-06-28,TECH_A,131.99,132.49,128.83,131.69,871413,0.0095,Tech
2023-06-29,TECH_A,129.25,132.37,128.14,129.4,1623273,-0.0173,Tech
2023-06-30,TECH_A,127.52,129.55,123.98,127.97,1715017,-0.0111,Tech
2023-07-03,TECH_A,126.6,128.78,122.79,126.24,1959357,-0.0135,Tech
2023-07-04,TECH_A,127.98,129.22,125.92,127.92,1353071,0.0134,Tech
2023-07-05,TECH_A,128.84,132.57,127.85,128.97,897210,0.0082,Tech
2023-07-06,TECH_A,132.03,133.93,131.65,132.5,1535824,0.0274,Tech
2023-07-07,TECH_A,133.81,134.68,131.87,134.19,1405346,0.0127,Tech
2023-07-10,TECH_A,136.09,137.28,134.24,136.68,647814,0.0186,Tech
2023-07-11,TECH_A,134.11,134.68,132.29,133.6,1209185,-0.0225,Tech
2023-07-12,TECH_A,136.63,139.61,134.6,136.63,1546956,0.0227,Tech
2023-07-13,TECH_A,135.9,138.38,133.99,135.55,1750562,-0.0079,Tech
2023-07-14,TECH_A,135.42,135.77,132.71,135.31,1127837,-0.0017,Tech
2023-07-17,TECH_A,136.93,139.04,135.37,136.47,551165,0.0086,Tech
2023-07-18,TECH_A,138.15,138.66,135.8,138.53,1673834,0.0151,Tech
2023-07-19,TECH_A,138.35,140.33,136.98,138.42,885170,-0.0008,Tech
2023-07-20,TECH_A,136.95,139.8,136.25,137.1,1767620,-0.0095,Tech
2023-07-21,TECH_A,138.46,139.96,134.52,138.16,857170,0.0077,Tech
2023-07-24,TECH_A,143.12,145.88,141.83,142.82,1214474,0.0337,Tech
2023-07-25,TECH_A,143.6,144.95,139.34,144.06,1070137,0.0087,Tech
2023-07-26,TECH_A,143.7,147.55,142.82,143.51,895745,-0.0038,Tech
2023-07-27,TECH_A,141.66,143.0,141.53,142.18,1385922,-0.0093,Tech
2023-07-28,TECH_A,142.97,146.98,139.8,143.12,1125882,0.0066,Tech
2023-07-31,TECH_A,142.37,146.19,141.81,142.37,1397235,-0.0052,Tech
2023-08-01,TECH_A,142.04,144.63,140.43,141.36,1216163,-0.007,Tech
2023-08-02,TECH_A,138.41,140.2,137.14,138.37,1965311,-0.0212,Tech
2023-08-03,TECH_A,130.96,131.86,130.72,131.17,1227679,-0.0521,Tech
2023-08-04,TECH_A,134.28,137.17,133.04,133.88,2102292,0.0207,Tech
2023-08-07,TECH_A,135.21,138.22,134.29,135.67,967919,0.0133,Tech
2023-08-08,TECH_A,136.6,139.79,135.58,136.27,990937,0.0045,Tech
2023-08-09,TECH_A,134.16,136.03,132.23,133.84,1223840,-0.0178,Tech
2023-08-10,TECH_A,135.72,136.91,131.96,136.18,1551574,0.0174,Tech
2023-08-11,TECH_A,136.41,137.06,133.11,136.09,850819,-0.0007,Tech
2023-08-14,TECH_A,134.44,135.48,131.82,134.57,1681536,-0.0111,Tech
2023-08-15,TECH_A,133.27,135.18,132.82,133.09,985538,-0.011,Tech
2023-08-16,TECH_A,133.86,136.79,130.44,133.56,1887574,0.0035,Tech
2023-08-17,TECH_A,137.39,138.94,135.68,137.88,1136827,0.0324,Tech
2023-08-18,TECH_A,137.72,139.27,136.24,137.72,1237455,-0.0011,Tech
2023-08-21,TECH_A,133.27,134.7,130.17,133.82,2172998,-0.0284,Tech
2023-08-22,TECH_A,131.89,132.15,128.49,131.98,660965,-0.0137,Tech
2023-08-23,TECH_A,129.43,130.86,128.66,129.43,1075669,-0.0194,Tech
2023-08-24,TECH_A,130.16,133.03,127.95,130.22,1741375,0.0061,Tech
2023-08-25,TECH_A,128.3,132.03,127.0,128.3,1994379,-0.0147,Tech
2023-08-28,TECH_A,131.46,133.8,131.1,131.89,1121526,0.028,Tech
2023-08-29,TECH_A,131.13,135.17,128.19,131.69,537261,-0.0015,Tech
2023-08-30,TECH_A,133.14,136.27,133.05,133.63,716186,0.0147,Tech
2023-08-31,TECH_A,131.24,131.7,127.93,130.92,875257,-0.0203,Tech
2023-09-01,TECH_A,130.72,134.15,128.74,130.65,593236,-0.002,Tech
2023-09-04,TECH_A,133.06,133.84,129.82,133.55,1798788,0.0222,Tech
2023-09-05,TECH_A,134.36,136.54,131.21,134.24,1023827,0.0051,Tech
2023-09-06,TECH_A,134.16,136.56,133.96,134.67,1146123,0.0032,Tech
2023-09-07,TECH_A,137.09,138.14,134.83,136.59,1891714,0.0143,Tech
2023-09-08,TECH_A,136.79,136.8,133.54,136.6,918233,0.0,Tech
2023-01-02,TECH_B,202.37,204.9,198.25,203.2,2109309,0.016,Tech
2023-01-03,TECH_B,201.15,202.08,197.03,200.18,1579889,-0.0149,Tech
2023-01-04,TECH_B,206.25,211.62,200.68,207.17,834428,0.0349,Tech
2023-01-05,TECH_B,211.69,213.54,209.16,211.57,1233701,0.0212,Tech
2023-01-06,TECH_B,216.09,221.34,210.44,216.86,884221,0.025,Tech
2023-01-09,TECH_B,219.36,222.12,215.11,219.08,1614015,0.0102,Tech
2023-01-10,TECH_B,224.0,227.42,223.25,223.46,2126979,0.02,Tech
2023-01-11,TECH_B,228.84,232.35,222.25,228.74,1521674,0.0236,Tech
2023-01-12,TECH_B,228.26,233.61,225.9,227.35,762261,-0.006,Tech
2023-01-13,TECH_B,221.63,225.9,217.4,222.04,1497872,-0.0234,Tech
2023-01-16,TECH_B,219.18,221.2,213.23,219.31,1950411,-0.0123,Tech
2023-01-17,TECH_B,219.99,220.67,213.53,220.57,1458657,0.0057,Tech
2023-01-18,TECH_B,225.09,232.91,219.57,226.17,1764657,0.0254,Tech
2023-01-19,TECH_B,225.88,232.05,223.07,226.83,638538,0.003,Tech
2023-01-20,TECH_B,222.54,226.19,221.24,221.76,2084458,-0.0223,Tech
2023-01-23,TECH_B,215.69,217.4,213.35,215.11,2019547,-0.03,Tech
2023-01-24,TECH_B,215.48,217.25,211.01,214.87,1126146,-0.0011,Tech
2023-01-25,TECH_B,209.65,212.97,206.71,209.75,1935653,-0.0238,Tech
2023-01-26,TECH_B,209.72,211.17,207.57,209.69,1698643,-0.0003,Tech
2023-01-27,TECH_B,213.35,216.3,212.77,214.11,2063814,0.0211,Tech
2023-01-30,TECH_B,208.81,213.21,207.73,208.65,2184924,-0.0255,Tech
2023-01-31,TECH_B,219.75,220.42,215.95,219.94,2142164,0.0541,Tech
2023-02-01,TECH_B,218.73,224.59,211.86,218.07,1345714,-0.0085,Tech
2023-02-02,TECH_B,218.44,221.7,215.99,217.57,603368,-0.0023,Tech
2023-02-03,TECH_B,216.72,221.29,211.08,216.9,1003983,-0.0031,Tech
2023-02-06,TECH_B,218.76,224.19,217.57,217.73,1802478,0.0039,Tech
2023-02-07,TECH_B,216.35,220.1,212.47,215.59,1164053,-0.0099,Tech
2023-02-08,TECH_B,212.83,219.86,206.47,213.78,2047580,-0.0084,Tech
2023-02-09,TECH_B,216.2,218.33,213.75,215.71,1804680,0.009,Tech
2023-02-10,TECH_B,219.68,221.32,212.72,219.01,867888,0.0153,Tech
2023-02-13,TECH_B,215.35,216.42,213.58,216.0,1143647,-0.0138,Tech
2023-02-14,TECH_B,214.64,218.86,213.85,214.74,1324238,-0.0058,Tech
2023-02-15,TECH_B,216.57,222.49,212.09,216.85,649480,0.0098,Tech
2023-02-16,TECH_B,221.8,226.77,219.11,222.85,2154772,0.0277,Tech
2023-02-17,TECH_B,221.27,223.6,217.56,221.75,1061034,-0.005,Tech
2023-02-20,TECH_B,225.73,231.28,224.62,225.14,1234229,0.0153,Tech
2023-02-21,TECH_B,231.97,233.47,228.87,230.85,1465814,0.0253,Tech
2023-02-22,TECH_B,231.15,237.6,228.64,230.49,1676980,-0.0015,Tech
2023-02-23,TECH_B,235.39,237.87,235.21,236.41,1737626,0.0257,Tech
2023-02-24,TECH_B,226.47,230.02,223.06,227.5,971213,-0.0377,Tech
2023-02-27,TECH_B,230.81,235.1,227.94,231.57,936739,0.0179,Tech
2023-02-28,TECH_B,235.39,241.51,234.88,235.46,692204,0.0168,Tech
2023-03-01,TECH_B,235.42,239.75,232.51,236.38,1161108,0.0039,Tech
2023-03-02,TECH_B,240.31,248.52,234.77,241.51,2079127,0.0217,Tech
2023-03-03,TECH_B,234.31,236.91,228.93,235.23,2253464,-0.026,Tech
2023-03-06,TECH_B,236.67,243.81,235.92,237.0,1194223,0.0075,Tech
2023-03-07,TECH_B,240.91,247.91,240.61,240.74,1267418,0.0158,Tech
2023-03-08,TECH_B,238.38,239.86,232.72,238.68,1548684,-0.0085,Tech
2023-03-09,TECH_B,242.49,244.17,238.12,242.47,1143725,0.0158,Tech
2023-03-10,TECH_B,245.62,250.94,245.38,246.01,1164739,0.0146,Tech
2023-03-13,TECH_B,245.58,247.76,239.74,245.14,1385414,-0.0036,Tech
2023-03-14,TECH_B,246.11,252.86,239.55,245.04,1104911,-0.0004,Tech
2023-03-15,TECH_B,247.26,251.1,240.21,246.9,2066300,0.0076,Tech
2023-03-16,TECH_B,245.47,246.11,241.46,245.18,1962577,-0.007,Tech
2023-03-17,TECH_B,253.53,256.09,248.97,252.52,1777780,0.03,Tech
2023-03-20,TECH_B,250.16,254.67,242.68,250.14,673714,-0.0094,Tech
2023-03-21,TECH_B,248.59,251.93,245.17,249.32,956138,-0.0033,Tech
2023-03-22,TECH_B,251.59,256.24,251.24,252.49,1528723,0.0127,Tech
2023-03-23,TECH_B,251.22,254.47,243.31,250.68,1521935,-0.0072,Tech
2023-03-24,TECH_B,246.7,253.57,240.81,246.79,1284014,-0.0155,Tech
2023-03-27,TECH_B,248.09,254.23,246.79,248.19,1685405,0.0057,Tech
2023-03-28,TECH_B,244.95,250.32,242.77,245.32,2060029,-0.0116,Tech
2023-03-29,TECH_B,244.37,249.12,240.99,244.48,738324,-0.0034,Tech
2023-03-30,TECH_B,255.91,258.73,254.61,254.76,1589611,0.0421,Tech
2023-03-31,TECH_B,245.01,247.06,238.7,245.64,1390490,-0.0358,Tech
2023-04-03,TECH_B,246.71,251.67,243.75,245.52,680296,-0.0005,Tech
2023-04-04,TECH_B,243.72,245.88,242.95,243.79,799069,-0.007,Tech
2023-04-05,TECH_B,254.58,260.92,248.67,254.54,1301219,0.0441,Tech
2023-04-06,TECH_B,250.13,254.09,244.93,249.4,599146,-0.0202,Tech
2023-04-07,TECH_B,254.28,256.05,246.72,254.24,1623753,0.0194,Tech
2023-04-10,TECH_B,255.94,261.97,253.6,255.96,2048910,0.0068,Tech
2023-04-11,TECH_B,242.26,246.25,241.34,242.78,708778,-0.0515,Tech
2023-04-12,TECH_B,245.81,253.13,241.69,244.64,1035483,0.0077,Tech
2023-04-13,TECH_B,240.24,244.77,233.45,241.33,1684390,-0.0135,Tech
2023-04-14,TECH_B,236.96,238.69,233.73,237.27,2125652,-0.0168,Tech
2023-04-17,TECH_B,237.63,242.89,236.21,236.98,811970,-0.0012,Tech
2023-04-18,TECH_B,246.61,248.84,245.29,245.73,1091773,0.0369,Tech
2023-04-19,TECH_B,246.52,250.62,244.26,246.55,1985170,0.0034,Tech
2023-04-20,TECH_B,247.24,248.91,241.39,246.54,646525,-0.0,Tech
2023-04-21,TECH_B,240.97,248.0,236.11,241.56,1486410,-0.0202,Tech
2023-04-24,TECH_B,243.63,244.42,238.97,243.88,1165522,0.0096,Tech
2023-04-25,TECH_B,242.25,248.24,240.5,242.54,1744117,-0.0055,Tech
2023-04-26,TECH_B,246.91,252.81,241.43,245.8,1848611,0.0134,Tech
2023-04-27,TECH_B,237.05,239.12,230.97,237.52,907502,-0.0337,Tech
2023-04-28,TECH_B,236.87,244.25,236.38,237.91,1391499,0.0016,Tech
2023-05-01,TECH_B,237.28,240.89,229.72,236.33,735578,-0.0066,Tech
2023-05-02,TECH_B,237.72,238.49,232.8,238.18,612888,0.0078,Tech
2023-05-03,TECH_B,235.89,237.55,229.37,234.73,1641038,-0.0145,Tech
2023-05-04,TECH_B,231.71,234.41,230.02,230.89,1092858,-0.0164,Tech
2023-05-05,TECH_B,228.63,231.15,226.14,228.38,901819,-0.0109,Tech
2023-05-08,TECH_B,224.37,226.7,220.26,223.92,1467256,-0.0195,Tech
2023-05-09,TECH_B,220.13,224.9,214.35,219.4,2160498,-0.0202,Tech
2023-05-10,TECH_B,223.04,226.07,217.04,222.67,1396852,0.0149,Tech
2023-05-11,TECH_B,221.47,226.46,216.11,221.68,1771505,-0.0045,Tech
2023-05-12,TECH_B,216.33,219.59,214.85,216.7,1599354,-0.0224,Tech
2023-05-15,TECH_B,212.61,216.82,208.35,213.02,1723515,-0.017,Tech
2023-05-16,TECH_B,207.03,207.94,202.59,206.87,952355,-0.0289,Tech
2023-05-17,TECH_B,208.33,213.05,203.25,208.32,1986967,0.007,Tech
2023-05-18,TECH_B,198.51,200.61,196.63,198.82,2097662,-0.0456,Tech
2023-05-19,TECH_B,204.88,209.59,198.18,204.1,1971961,0.0265,Tech
2023-05-22,TECH_B,202.08,206.14,200.08,201.53,2093047,-0.0126,Tech
2023-05-23,TECH_B,198.78,199.14,194.57,198.86,1471679,-0.0132,Tech
2023-05-24,TECH_B,198.12,202.57,197.06,198.49,1141061,-0.0018,Tech
2023-05-25,TECH_B,199.43,201.58,195.27,199.79,1773035,0.0065,Tech
2023-05-26,TECH_B,201.8,203.8,198.67,201.13,732251,0.0067,Tech
2023-05-29,TECH_B,200.67,207.08,199.61,201.36,1969370,0.0011,Tech
2023-05-30,TECH_B,200.77,202.7,194.85,201.41,1589169,0.0003,Tech
2023-05-31,TECH_B,197.95,199.72,192.25,197.37,1247578,-0.0201,Tech
2023-06-01,TECH_B,198.42,200.81,194.68,199.24,1861699,0.0094,Tech
2023-06-02,TECH_B,198.7,202.09,194.34,198.26,1627756,-0.0049,Tech
2023-06-05,TECH_B,203.98,207.77,201.28,203.61,1730224,0.027,Tech
2023-06-06,TECH_B,206.7,212.9,202.62,207.4,751495,0.0186,Tech
2023-06-07,TECH_B,206.48,208.81,205.14,206.28,1177138,-0.0054,Tech
2023-06-08,TECH_B,200.96,203.89,198.59,201.54,1655914,-0.023,Tech
2023-06-09,TECH_B,205.89,211.99,203.82,205.73,2094379,0.0208,Tech
2023-06-12,TECH_B,202.77,205.92,200.13,202.71,1736390,-0.0147,Tech
2023-06-13,TECH_B,202.15,207.47,195.88,201.2,1045408,-0.0075,Tech
2023-06-14,TECH_B,198.57,201.86,193.88,198.48,1673843,-0.0135,Tech
2023-06-15,TECH_B,196.93,197.05,192.91,196.47,1928240,-0.0101,Tech
2023-06-16,TECH_B,188.07,189.91,182.99,188.54,2074205,-0.0404,Tech
2023-06-19,TECH_B,188.84,191.28,183.43,189.62,1720094,0.0057,Tech
2023-06-20,TECH_B,189.7,192.03,185.47,189.56,914289,-0.0003,Tech
2023-06-21,TECH_B,189.89,195.43,185.62,189.32,562177,-0.0012,Tech
2023-06-22,TECH_B,194.99,200.29,193.94,194.6,1917111,0.0279,Tech
2023-06-23,TECH_B,195.61,197.46,192.71,195.65,1286998,0.0054,Tech
2023-06-26,TECH_B,191.56,194.19,189.08,191.26,955840,-0.0224,Tech
2023-06-27,TECH_B,192.73,194.07,192.01,192.85,1283146,0.0083,Tech
2023-06-28,TECH_B,189.91,192.95,184.96,188.99,1635458,-0.02,Tech
2023-06-29,TECH_B,190.99,196.13,187.02,191.42,2109780,0.0129,Tech
2023-06-30,TECH_B,194.61,197.49,193.08,195.44,1638464,0.021,Tech
2023-07-03,TECH_B,196.14,198.84,191.81,196.74,1467201,0.0066,Tech
2023-07-04,TECH_B,191.39,194.3,186.77,191.95,2180561,-0.0244,Tech
2023-07-05,TECH_B,187.51,193.31,184.29,188.16,1172229,-0.0198,Tech
2023-07-06,TECH_B,190.85,193.53,185.1,190.5,1994741,0.0125,Tech
2023-07-07,TECH_B,186.88,189.29,183.83,185.98,1314811,-0.0237,Tech
2023-07-10,TECH_B,184.06,188.66,178.63,184.14,1441215,-0.0099,Tech
2023-07-11,TECH_B,184.1,185.3,178.91,183.4,1691527,-0.004,Tech
2023-07-12,TECH_B,180.59,182.94,179.9,180.81,1528744,-0.0142,Tech
2023-07-13,TECH_B,178.61,181.65,178.37,178.78,707312,-0.0112,Tech
2023-07-14,TECH_B,177.21,181.51,172.31,178.01,599706,-0.0043,Tech
2023-07-17,TECH_B,174.33,179.37,171.34,174.36,1140833,-0.0205,Tech
2023-07-18,TECH_B,174.22,176.45,170.01,174.43,1271041,0.0004,Tech
2023-07-19,TECH_B,174.68,176.21,170.28,174.79,976625,0.002,Tech
2023-07-20,TECH_B,171.92,177.42,169.56,172.52,633806,-0.013,Tech
2023-07-21,TECH_B,172.95,173.27,171.27,172.62,1629647,0.0006,Tech
2023-07-24,TECH_B,176.15,180.73,171.58,176.88,1133712,0.0247,Tech
2023-07-25,TECH_B,180.53,183.25,179.56,179.73,684551,0.0162,Tech
2023-07-26,TECH_B,177.56,177.98,172.94,177.33,947741,-0.0134,Tech
2023-07-27,TECH_B,177.7,178.57,176.44,177.26,699202,-0.0004,Tech
2023-07-28,TECH_B,177.84,178.43,172.22,176.99,1639039,-0.0015,Tech
2023-07-31,TECH_B,175.28,179.39,171.08,175.61,1236396,-0.0078,Tech
2023-08-01,TECH_B,174.99,178.99,171.98,174.52,1951585,-0.0062,Tech
2023-08-02,TECH_B,168.63,170.25,166.68,169.03,1656937,-0.0314,Tech
2023-08-03,TECH_B,169.26,173.28,168.29,169.48,1345720,0.0026,Tech
2023-08-04,TECH_B,167.04,171.09,165.79,167.88,914646,-0.0094,Tech
2023-08-07,TECH_B,169.24,170.72,165.24,169.58,1406149,0.0102,Tech
2023-08-08,TECH_B,170.27,173.38,165.97,169.51,1460984,-0.0004,Tech
2023-08-09,TECH_B,173.19,177.09,170.23,173.78,594381,0.0252,Tech
2023-08-10,TECH_B,179.48,184.8,175.91,179.41,2263549,0.0324,Tech
2023-08-11,TECH_B,179.67,181.84,177.35,180.36,1426173,0.0053,Tech
2023-08-14,TECH_B,179.34,182.65,176.67,178.85,1946873,-0.0084,Tech
2023-08-15,TECH_B,173.23,175.9,171.74,173.82,643130,-0.0281,Tech
2023-08-16,TECH_B,172.37,173.56,170.22,173.01,884335,-0.0046,Tech
2023-08-17,TECH_B,174.58,176.32,171.92,174.13,668058,0.0065,Tech
2023-08-18,TECH_B,171.08,172.81,170.33,170.34,2181832,-0.0217,Tech
2023-08-21,TECH_B,168.3,172.29,167.5,167.64,1524601,-0.0159,Tech
2023-08-22,TECH_B,168.01,170.63,164.89,167.98,1215185,0.002,Tech
2023-08-23,TECH_B,170.08,174.46,169.22,169.92,1352203,0.0116,Tech
2023-08-24,TECH_B,170.31,173.85,167.48,170.57,634098,0.0038,Tech
2023-08-25,TECH_B,171.53,174.87,168.74,170.94,1578332,0.0022,Tech
2023-08-28,TECH_B,170.15,170.74,169.96,170.27,1171151,-0.004,Tech
2023-08-29,TECH_B,170.81,176.48,169.74,171.57,751337,0.0077,Tech
2023-08-30,TECH_B,179.13,183.09,175.45,178.27,1693850,0.0391,Tech
2023-08-31,TECH_B,178.06,181.74,175.67,178.82,1839381,0.0031,Tech
2023-09-01,TECH_B,176.08,177.4,175.1,175.68,1479117,-0.0175,Tech
2023-09-04,TECH_B,172.54,177.36,170.77,171.93,2115345,-0.0214,Tech
2023-09-05,TECH_B,172.84,177.66,170.19,173.18,773053,0.0073,Tech
2023-09-06,TECH_B,176.88,177.4,172.63,177.26,1229023,0.0235,Tech
2023-09-07,TECH_B,180.48,182.14,177.19,181.08,2152446,0.0216,Tech
2023-09-08,TECH_B,179.37,182.84,175.65,178.56,1286128,-0.0139,Tech
2023-01-02,HEALTH_C,75.73,76.33,74.34,75.8,1360779,0.0107,Health
2023-01-03,HEALTH_C,76.85,78.61,75.88,76.96,2091284,0.0153,Health
2023-01-04,HEALTH_C,77.01,79.19,76.6,77.1,1469967,0.0018,Health
2023-01-05,HEALTH_C,76.99,77.24,75.64,76.65,1024536,-0.0059,Health
2023-01-06,HEALTH_C,76.79,78.25,76.58,76.84,1201340,0.0025,Health
2023-01-09,HEALTH_C,76.62,77.32,75.97,76.88,577136,0.0005,Health
2023-01-10,HEALTH_C,77.0,77.36,75.69,77.02,1639484,0.0018,Health
2023-01-11,HEALTH_C,75.95,76.98,73.83,76.14,1455331,-0.0115,Health
2023-01-12,HEALTH_C,76.13,76.27,74.68,76.05,1127685,-0.0012,Health
2023-01-13,HEALTH_C,76.43,77.5,75.96,76.55,767603,0.0066,Health
2023-01-16,HEALTH_C,75.26,76.4,73.6,75.17,1734571,-0.018,Health
2023-01-17,HEALTH_C,74.46,76.25,74.27,74.34,1523974,-0.0111,Health
2023-01-18,HEALTH_C,76.54,76.54,75.18,76.25,928062,0.0258,Health
2023-01-19,HEALTH_C,76.51,77.46,75.57,76.32,1240203,0.0009,Health
2023-01-20,HEALTH_C,75.64,76.35,74.24,75.69,1067244,-0.0083,Health
2023-01-23,HEALTH_C,74.81,76.6,73.79,75.12,1188751,-0.0076,Health
2023-01-24,HEALTH_C,75.1,76.29,74.62,75.36,1863943,0.0032,Health
2023-01-25,HEALTH_C,75.27,75.82,73.6,75.15,804966,-0.0028,Health
2023-01-26,HEALTH_C,75.48,76.94,74.39,75.27,1514286,0.0016,Health
2023-01-27,HEALTH_C,75.16,76.59,74.59,75.06,943797,-0.0028,Health
2023-01-30,HEALTH_C,74.18,75.16,73.25,73.98,1268342,-0.0143,Health
2023-01-31,HEALTH_C,74.3,74.7,73.86,74.55,764395,0.0077,Health
2023-02-01,HEALTH_C,75.59,78.06,74.95,75.83,951145,0.0172,Health
2023-02-02,HEALTH_C,76.76,78.44,76.11,76.49,852946,0.0087,Health
2023-02-03,HEALTH_C,78.35,78.45,76.06,78.25,1749993,0.0229,Health
2023-02-06,HEALTH_C,78.58,79.47,76.07,78.31,1577312,0.0008,Health
2023-02-07,HEALTH_C,78.39,80.07,77.06,78.05,859020,-0.0033,Health
2023-02-08,HEALTH_C,78.43,79.71,77.86,78.46,1712962,0.0053,Health
2023-02-09,HEALTH_C,78.3,80.5,78.14,78.18,1954182,-0.0035,Health
2023-02-10,HEALTH_C,78.74,78.98,76.89,78.61,522368,0.0054,Health
2023-02-13,HEALTH_C,78.99,80.32,76.96,79.27,1930685,0.0084,Health
2023-02-14,HEALTH_C,80.07,82.34,79.82,79.83,2033303,0.007,Health
2023-02-15,HEALTH_C,79.35,80.02,78.78,79.42,973080,-0.0051,Health
2023-02-16,HEALTH_C,79.79,80.45,78.38,79.56,1357380,0.0017,Health
2023-02-17,HEALTH_C,80.97,81.62,80.46,80.61,1820826,0.0133,Health
2023-02-20,HEALTH_C,81.38,81.97,79.31,81.29,1874910,0.0084,Health
2023-02-21,HEALTH_C,82.03,82.55,80.9,81.84,1211093,0.0068,Health
2023-02-22,HEALTH_C,81.77,82.19,80.46,81.95,1394283,0.0013,Health
2023-02-23,HEALTH_C,80.66,82.0,78.86,81.02,576881,-0.0113,Health
2023-02-24,HEALTH_C,81.37,81.78,79.18,81.42,970373,0.005,Health
2023-02-27,HEALTH_C,81.28,82.17,79.0,81.04,1132131,-0.0047,Health
2023-02-28,HEALTH_C,80.81,81.77,78.31,80.71,1542021,-0.0041,Health
2023-03-01,HEALTH_C,80.94,82.47,79.17,80.77,1299271,0.0008,Health
2023-03-02,HEALTH_C,82.03,82.23,81.08,81.96,1643724,0.0147,Health
2023-03-03,HEALTH_C,81.2,83.45,80.82,81.31,792961,-0.0079,Health
2023-03-06,HEALTH_C,81.41,83.4,80.02,81.23,1104096,-0.001,Health
2023-03-07,HEALTH_C,82.27,82.84,80.1,81.93,1087470,0.0086,Health
2023-03-08,HEALTH_C,82.11,84.71,81.12,82.31,522410,0.0046,Health
2023-03-09,HEALTH_C,81.67,82.41,79.68,82.05,1677262,-0.0031,Health
2023-03-10,HEALTH_C,82.93,85.4,82.11,83.17,1918932,0.0136,Health
2023-03-13,HEALTH_C,84.36,84.68,81.7,83.98,1787786,0.0097,Health
2023-03-14,HEALTH_C,84.07,85.83,82.32,84.18,868266,0.0025,Health
2023-03-15,HEALTH_C,85.02,85.59,83.71,85.03,2032547,0.0101,Health
2023-03-16,HEALTH_C,84.89,87.24,84.49,84.63,1561459,-0.0048,Health
2023-03-17,HEALTH_C,85.3,85.65,83.12,85.55,2054329,0.0109,Health
2023-03-20,HEALTH_C,86.47,88.21,83.94,86.5,923543,0.0111,Health
2023-03-21,HEALTH_C,86.36,88.05,84.22,86.42,1654455,-0.0009,Health
2023-03-22,HEALTH_C,87.0,89.14,85.16,87.35,1784644,0.0108,Health
2023-03-23,HEALTH_C,86.9,88.72,86.72,86.98,542304,-0.0043,Health
2023-03-24,HEALTH_C,85.89,86.0,83.81,85.9,1207659,-0.0125,Health
2023-03-27,HEALTH_C,86.98,88.23,85.61,86.69,1894186,0.0092,Health
2023-03-28,HEALTH_C,87.94,88.47,85.93,87.62,2075568,0.0107,Health
2023-03-29,HEALTH_C,87.18,87.77,84.33,86.76,950674,-0.0098,Health
2023-03-30,HEALTH_C,85.9,88.22,84.08,85.8,1873549,-0.0111,Health
2023-03-31,HEALTH_C,83.79,84.24,82.54,84.13,646758,-0.0194,Health
2023-04-03,HEALTH_C,84.61,86.63,82.84,84.83,590953,0.0083,Health
2023-04-04,HEALTH_C,84.71,86.84,83.17,84.67,1439835,-0.0019,Health
2023-04-05,HEALTH_C,84.53,86.66,83.27,84.79,1630814,0.0015,Health
2023-04-06,HEALTH_C,84.95,85.28,83.85,84.95,1250169,0.0019,Health
2023-04-07,HEALTH_C,86.16,87.33,84.42,85.82,1337432,0.0102,Health
2023-04-10,HEALTH_C,85.9,88.34,84.97,85.88,919425,0.0007,Health
2023-04-11,HEALTH_C,87.84,89.39,85.56,87.72,609453,0.0215,Health
2023-04-12,HEALTH_C,88.06,89.34,85.58,88.2,1769812,0.0055,Health
2023-04-13,HEALTH_C,88.47,88.92,87.09,88.77,808948,0.0064,Health
2023-04-14,HEALTH_C,88.97,89.0,87.02,88.59,1909983,-0.0021,Health
2023-04-17,HEALTH_C,87.77,89.26,85.63,87.95,1243017,-0.0072,Health
2023-04-18,HEALTH_C,88.08,90.38,85.28,87.78,748300,-0.0019,Health
2023-04-19,HEALTH_C,88.23,90.59,87.48,88.35,671718,0.0065,Health
2023-04-20,HEALTH_C,87.18,87.47,85.12,87.07,822446,-0.0145,Health
2023-04-21,HEALTH_C,87.48,87.94,87.4,87.42,1155797,0.0041,Health
2023-04-24,HEALTH_C,86.15,86.82,85.08,86.5,2072157,-0.0105,Health
2023-04-25,HEALTH_C,86.97,88.16,85.67,87.02,1592398,0.006,Health
2023-04-26,HEALTH_C,87.01,89.38,84.47,87.12,1166365,0.0012,Health
2023-04-27,HEALTH_C,88.97,90.32,87.6,89.17,1710480,0.0235,Health
2023-04-28,HEALTH_C,89.65,91.64,87.64,89.41,2025475,0.0026,Health
2023-05-01,HEALTH_C,88.77,89.88,87.31,89.04,1812924,-0.0041,Health
2023-05-02,HEALTH_C,89.87,92.17,87.67,89.62,1436013,0.0066,Health
2023-05-03,HEALTH_C,89.31,89.7,88.26,89.15,1510896,-0.0053,Health
2023-05-04,HEALTH_C,89.17,89.55,88.32,88.9,2027178,-0.0028,Health
2023-05-05,HEALTH_C,89.44,90.57,88.57,89.29,1621553,0.0044,Health
2023-05-08,HEALTH_C,89.96,92.11,88.35,89.84,702705,0.0061,Health
2023-05-09,HEALTH_C,88.36,88.5,86.72,88.46,1844800,-0.0154,Health
2023-05-10,HEALTH_C,88.86,88.89,87.41,88.83,956671,0.0042,Health
2023-05-11,HEALTH_C,87.14,87.24,85.94,86.76,1983066,-0.0233,Health
2023-05-12,HEALTH_C,86.7,87.16,85.09,86.3,580351,-0.0053,Health
2023-05-15,HEALTH_C,85.73,86.03,84.2,85.45,1345211,-0.0099,Health
2023-05-16,HEALTH_C,85.87,87.55,83.64,85.46,862128,0.0002,Health
2023-05-17,HEALTH_C,85.94,87.51,83.31,85.78,1674336,0.0037,Health
2023-05-18,HEALTH_C,85.49,87.97,84.31,85.37,978495,-0.0047,Health
2023-05-19,HEALTH_C,84.66,86.46,82.44,84.47,776717,-0.0106,Health
2023-05-22,HEALTH_C,83.8,86.46,81.87,84.16,1035105,-0.0037,Health
2023-05-23,HEALTH_C,83.85,86.04,81.62,83.67,1573672,-0.0058,Health
2023-05-24,HEALTH_C,82.29,84.84,80.56,82.42,549110,-0.015,Health
2023-05-25,HEALTH_C,81.13,83.21,80.48,81.51,1256879,-0.0111,Health
2023-05-26,HEALTH_C,81.71,83.03,80.66,81.57,1400243,0.0007,Health
2023-05-29,HEALTH_C,80.57,81.82,79.23,80.76,1743989,-0.0099,Health
2023-05-30,HEALTH_C,81.12,81.62,79.3,81.23,846118,0.0058,Health
2023-05-31,HEALTH_C,81.25,82.26,80.81,81.08,1993609,-0.0019,Health
2023-06-01,HEALTH_C,82.56,84.7,81.21,82.42,2059722,0.0166,Health
2023-06-02,HEALTH_C,83.48,84.13,81.83,83.44,1955059,0.0124,Health
2023-06-05,HEALTH_C,83.54,85.4,81.97,83.91,1110255,0.0056,Health
2023-06-06,HEALTH_C,82.69,83.73,81.09,82.71,700905,-0.0143,Health
2023-06-07,HEALTH_C,83.29,84.05,82.41,83.26,1010910,0.0066,Health
2023-06-08,HEALTH_C,83.19,84.46,80.36,82.79,1348820,-0.0056,Health
2023-06-09,HEALTH_C,83.04,84.96,81.99,82.73,711556,-0.0007,Health
2023-06-12,HEALTH_C,83.74,85.99,81.87,83.68,912846,0.0115,Health
2023-06-13,HEALTH_C,84.57,86.16,81.74,84.26,1065263,0.0069,Health
2023-06-14,HEALTH_C,86.35,87.13,85.87,86.5,747024,0.0266,Health
2023-06-15,HEALTH_C,87.31,88.98,84.96,87.32,1340281,0.0095,Health
2023-06-16,HEALTH_C,88.4,89.41,87.26,88.63,2123057,0.015,Health
2023-06-19,HEALTH_C,88.82,91.71,88.06,89.07,1782303,0.005,Health
2023-06-20,HEALTH_C,88.48,89.86,88.43,88.87,665347,-0.0023,Health
2023-06-21,HEALTH_C,88.49,88.51,87.67,88.44,815287,-0.0049,Health
2023-06-22,HEALTH_C,88.39,88.67,86.11,88.15,521059,-0.0033,Health
2023-06-23,HEALTH_C,87.88,89.44,86.73,87.47,1534067,-0.0077,Health
2023-06-26,HEALTH_C,87.4,88.78,86.27,87.73,1357966,0.0029,Health
2023-06-27,HEALTH_C,86.53,86.95,86.01,86.86,1667269,-0.0099,Health
2023-06-28,HEALTH_C,87.52,88.19,85.75,87.09,865840,0.0026,Health
2023-06-29,HEALTH_C,87.52,87.82,85.12,87.41,619067,0.0037,Health
2023-06-30,HEALTH_C,87.48,89.79,86.7,87.38,1194523,-0.0003,Health
2023-07-03,HEALTH_C,89.44,90.66,86.64,89.01,2174293,0.0186,Health
2023-07-04,HEALTH_C,88.89,90.41,87.72,89.06,862884,0.0006,Health
2023-07-05,HEALTH_C,88.8,90.81,86.79,88.75,1094388,-0.0036,Health
2023-07-06,HEALTH_C,89.63,91.97,87.2,89.42,633719,0.0077,Health
2023-07-07,HEALTH_C,88.63,89.4,87.39,88.97,2006464,-0.0051,Health
2023-07-10,HEALTH_C,88.9,91.79,86.71,89.31,1904808,0.0039,Health
2023-07-11,HEALTH_C,88.84,91.77,86.71,89.23,958319,-0.0009,Health
2023-07-12,HEALTH_C,87.39,89.94,86.21,87.24,1758631,-0.0223,Health
2023-07-13,HEALTH_C,86.75,88.75,85.33,87.11,1842143,-0.0015,Health
2023-07-14,HEALTH_C,88.19,89.12,86.54,88.43,1028375,0.0151,Health
2023-07-17,HEALTH_C,87.42,87.76,86.99,87.63,623389,-0.009,Health
2023-07-18,HEALTH_C,87.74,89.03,86.62,87.74,936230,0.0012,Health
2023-07-19,HEALTH_C,87.31,88.63,85.43,87.17,1796219,-0.0065,Health
2023-07-20,HEALTH_C,86.91,89.31,85.41,86.61,848729,-0.0064,Health
2023-07-21,HEALTH_C,88.23,88.73,85.35,87.86,1062785,0.0144,Health
2023-07-24,HEALTH_C,88.3,90.82,85.77,88.18,601707,0.0036,Health
2023-07-25,HEALTH_C,88.45,91.01,87.04,88.35,583130,0.002,Health
2023-07-26,HEALTH_C,87.64,87.89,87.39,87.78,1314807,-0.0065,Health
2023-07-27,HEALTH_C,87.3,87.48,84.68,87.15,1428927,-0.0071,Health
2023-07-28,HEALTH_C,87.56,89.69,84.82,87.23,806689,0.0009,Health
2023-07-31,HEALTH_C,88.22,89.39,86.21,88.08,1182729,0.0097,Health
2023-08-01,HEALTH_C,88.47,89.56,87.24,88.82,1612159,0.0084,Health
2023-08-02,HEALTH_C,88.86,91.37,88.2,88.74,1341270,-0.0008,Health
2023-08-03,HEALTH_C,88.73,90.96,88.45,88.55,1423192,-0.0021,Health
2023-08-04,HEALTH_C,87.38,87.43,84.92,87.36,783818,-0.0135,Health
2023-08-07,HEALTH_C,87.13,88.94,85.91,87.27,1400970,-0.001,Health
2023-08-08,HEALTH_C,86.78,87.52,86.65,86.8,646458,-0.0054,Health
2023-08-09,HEALTH_C,86.69,86.98,84.27,86.68,1152068,-0.0014,Health
2023-08-10,HEALTH_C,87.24,87.94,85.88,87.02,936064,0.0039,Health
2023-08-11,HEALTH_C,88.01,89.38,85.7,87.7,820473,0.0078,Health
2023-08-14,HEALTH_C,87.94,88.47,87.04,87.54,1063079,-0.0018,Health
2023-08-15,HEALTH_C,89.04,91.65,87.85,88.63,1733488,0.0124,Health
2023-08-16,HEALTH_C,87.54,89.52,87.12,87.48,1308741,-0.013,Health
2023-08-17,HEALTH_C,88.14,90.49,86.38,88.08,840064,0.0068,Health
2023-08-18,HEALTH_C,89.93,90.53,88.58,89.97,2054242,0.0215,Health
2023-08-21,HEALTH_C,90.56,93.32,89.48,90.86,574727,0.0099,Health
2023-08-22,HEALTH_C,91.29,93.9,88.65,91.17,1397228,0.0034,Health
2023-08-23,HEALTH_C,90.68,92.53,88.11,90.82,1660989,-0.0039,Health
2023-08-24,HEALTH_C,92.32,93.64,90.95,92.78,1180496,0.0216,Health
2023-08-25,HEALTH_C,93.99,96.46,92.25,93.59,1905511,0.0087,Health
2023-08-28,HEALTH_C,93.54,94.69,91.15,93.15,662530,-0.0047,Health
2023-08-29,HEALTH_C,93.82,95.7,91.27,93.76,738778,0.0066,Health
2023-08-30,HEALTH_C,93.72,96.43,91.92,93.76,1816757,-0.0001,Health
2023-08-31,HEALTH_C,94.12,96.55,91.22,94.03,796303,0.0029,Health
2023-09-01,HEALTH_C,92.97,95.89,90.61,93.24,578827,-0.0084,Health
2023-09-04,HEALTH_C,95.33,98.05,93.69,95.01,2074741,0.019,Health
2023-09-05,HEALTH_C,97.39,98.17,96.97,97.18,1672621,0.0228,Health
2023-09-06,HEALTH_C,98.69,99.13,97.86,98.79,1880083,0.0166,Health
2023-09-07,HEALTH_C,98.27,98.94,97.91,98.04,558192,-0.0076,Health
2023-09-08,HEALTH_C,96.51,98.13,95.42,96.95,1925163,-0.0111,Health
2023-01-02,FINANCE_D,49.72,50.93,48.69,49.48,1667972,-0.0104,Finance
2023-01-03,FINANCE_D,49.55,50.27,48.5,49.41,1298036,-0.0014,Finance
2023-01-04,FINANCE_D,50.26,51.36,49.2,50.17,1461522,0.0154,Finance
2023-01-05,FINANCE_D,49.85,50.47,48.31,49.76,1062095,-0.0082,Finance
2023-01-06,FINANCE_D,49.55,50.74,48.65,49.4,1252738,-0.0073,Finance
2023-01-09,FINANCE_D,48.54,48.56,47.77,48.53,1092639,-0.0176,Finance
2023-01-10,FINANCE_D,48.87,49.8,47.88,48.78,524198,0.0052,Finance
2023-01-11,FINANCE_D,49.02,49.39,48.5,49.23,1708926,0.0092,Finance
2023-01-12,FINANCE_D,48.32,49.12,48.25,48.41,2078173,-0.0167,Finance
2023-01-13,FINANCE_D,49.05,50.48,48.23,49.0,1763220,0.0122,Finance
2023-01-16,FINANCE_D,48.77,49.5,48.34,48.64,924110,-0.0073,Finance
2023-01-17,FINANCE_D,48.74,49.48,48.0,48.53,1453073,-0.0023,Finance
2023-01-18,FINANCE_D,47.75,48.48,47.33,47.92,2080086,-0.0125,Finance
2023-01-19,FINANCE_D,47.55,48.09,46.66,47.74,1336246,-0.0039,Finance
2023-01-20,FINANCE_D,46.91,47.36,46.6,47.04,2087107,-0.0147,Finance
2023-01-23,FINANCE_D,47.63,49.08,47.16,47.75,1832797,0.0151,Finance
2023-01-24,FINANCE_D,46.87,47.93,46.21,47.08,1004669,-0.0139,Finance
2023-01-25,FINANCE_D,47.5,47.55,46.79,47.41,781542,0.0068,Finance
2023-01-26,FINANCE_D,46.31,47.34,45.35,46.47,1275610,-0.0197,Finance
2023-01-27,FINANCE_D,47.27,48.65,46.35,47.29,1751424,0.0175,Finance
2023-01-30,FINANCE_D,46.41,47.23,45.78,46.52,1074240,-0.0162,Finance
2023-01-31,FINANCE_D,45.26,45.78,44.85,45.48,1841390,-0.0223,Finance
2023-02-01,FINANCE_D,45.26,45.91,43.95,45.36,867215,-0.0027,Finance
2023-02-02,FINANCE_D,45.52,46.01,45.27,45.66,840385,0.0066,Finance
2023-02-03,FINANCE_D,46.36,47.36,45.75,46.44,1292980,0.0171,Finance
2023-02-06,FINANCE_D,46.45,46.67,45.8,46.34,1824674,-0.0021,Finance
2023-02-07,FINANCE_D,46.47,47.5,46.22,46.49,715814,0.0033,Finance
2023-02-08,FINANCE_D,46.81,47.07,45.55,46.77,916365,0.006,Finance
2023-02-09,FINANCE_D,46.73,47.64,45.43,46.92,847761,0.003,Finance
2023-02-10,FINANCE_D,46.28,47.26,44.93,46.25,664849,-0.0141,Finance
2023-02-13,FINANCE_D,44.54,45.3,43.26,44.73,1884601,-0.0328,Finance
2023-02-14,FINANCE_D,43.24,44.17,42.61,43.12,2245931,-0.0361,Finance
2023-02-15,FINANCE_D,42.7,43.77,41.9,42.73,1836781,-0.009,Finance
2023-02-16,FINANCE_D,42.34,42.61,41.29,42.26,1010302,-0.0109,Finance
2023-02-17,FINANCE_D,41.81,42.93,41.33,41.74,1850683,-0.0125,Finance
2023-02-20,FINANCE_D,41.18,42.03,40.35,41.35,869609,-0.0093,Finance
2023-02-21,FINANCE_D,41.38,42.22,40.62,41.39,1713333,0.0011,Finance
2023-02-22,FINANCE_D,42.07,42.44,41.42,41.86,1884477,0.0114,Finance
2023-02-23,FINANCE_D,42.38,43.38,41.6,42.35,1465618,0.0115,Finance
2023-02-24,FINANCE_D,42.62,42.86,41.3,42.54,1837836,0.0045,Finance
2023-02-27,FINANCE_D,42.65,43.03,42.09,42.7,1152437,0.0037,Finance
2023-02-28,FINANCE_D,42.66,43.75,41.55,42.58,1007861,-0.0028,Finance
2023-03-01,FINANCE_D,43.72,45.01,42.89,43.75,1218781,0.0275,Finance
2023-03-02,FINANCE_D,43.42,44.59,42.6,43.23,1554604,-0.0119,Finance
2023-03-03,FINANCE_D,44.03,45.15,43.64,44.22,1158784,0.0231,Finance
2023-03-06,FINANCE_D,45.06,45.84,44.82,45.28,1209849,0.0238,Finance
2023-03-07,FINANCE_D,44.82,45.1,43.99,44.77,1996406,-0.0111,Finance
2023-03-08,FINANCE_D,45.47,46.75,45.14,45.28,533728,0.0114,Finance
2023-03-09,FINANCE_D,45.57,45.76,44.07,45.38,588968,0.002,Finance
2023-03-10,FINANCE_D,46.03,46.11,45.31,46.08,1253303,0.0155,Finance
2023-03-13,FINANCE_D,45.32,45.7,44.14,45.2,967964,-0.019,Finance
2023-03-14,FINANCE_D,45.66,46.14,44.8,45.67,1111624,0.0105,Finance
2023-03-15,FINANCE_D,44.96,45.28,44.51,44.75,1720305,-0.0202,Finance
2023-03-16,FINANCE_D,45.16,45.96,44.15,45.2,581156,0.0101,Finance
2023-03-17,FINANCE_D,46.0,47.23,44.69,45.84,1799300,0.0141,Finance
2023-03-20,FINANCE_D,45.38,45.99,45.05,45.42,1837798,-0.0093,Finance
2023-03-21,FINANCE_D,45.56,46.52,45.23,45.75,1739902,0.0072,Finance
2023-03-22,FINANCE_D,45.97,46.4,45.01,45.8,1717062,0.0012,Finance
2023-03-23,FINANCE_D,44.94,46.29,44.02,45.13,539020,-0.0147,Finance
2023-03-24,FINANCE_D,44.81,45.93,43.75,44.99,1930520,-0.003,Finance
2023-03-27,FINANCE_D,44.92,45.54,44.15,44.91,1553334,-0.0019,Finance
2023-03-28,FINANCE_D,44.48,45.05,43.08,44.31,1379972,-0.0133,Finance
2023-03-29,FINANCE_D,44.31,44.68,43.98,44.24,1516464,-0.0016,Finance
2023-03-30,FINANCE_D,43.91,44.27,43.16,43.71,1021586,-0.012,Finance
2023-03-31,FINANCE_D,44.84,44.9,43.45,44.73,1916418,0.0233,Finance
2023-04-03,FINANCE_D,43.71,44.63,42.62,43.66,871134,-0.0239,Finance
2023-04-04,FINANCE_D,43.43,44.2,42.44,43.23,1785555,-0.0098,Finance
2023-04-05,FINANCE_D,42.24,42.87,42.06,42.36,651826,-0.0201,Finance
2023-04-06,FINANCE_D,42.33,43.59,41.22,42.45,1459867,0.0021,Finance
2023-04-07,FINANCE_D,42.67,42.85,42.14,42.72,1572517,0.0063,Finance
2023-04-10,FINANCE_D,42.09,42.9,41.39,42.02,1384328,-0.0164,Finance
2023-04-11,FINANCE_D,42.84,43.6,41.69,42.78,889578,0.0181,Finance
2023-04-12,FINANCE_D,43.23,44.53,42.91,43.33,1415151,0.0129,Finance
2023-04-13,FINANCE_D,43.25,44.41,41.93,43.08,1745558,-0.0059,Finance
2023-04-14,FINANCE_D,42.89,43.33,42.56,42.92,1447648,-0.0037,Finance
2023-04-17,FINANCE_D,42.23,42.94,41.32,42.3,1250499,-0.0144,Finance
2023-04-18,FINANCE_D,41.63,42.61,41.14,41.69,1587382,-0.0144,Finance
2023-04-19,FINANCE_D,41.16,41.49,40.25,41.36,622075,-0.008,Finance
2023-04-20,FINANCE_D,40.85,42.07,39.7,40.8,1847417,-0.0133,Finance
2023-04-21,FINANCE_D,41.05,42.16,39.9,40.99,995159,0.0045,Finance
2023-04-24,FINANCE_D,40.43,41.09,40.32,40.59,1752761,-0.0096,Finance
2023-04-25,FINANCE_D,40.89,41.44,39.69,40.73,1786727,0.0035,Finance
2023-04-26,FINANCE_D,41.55,41.71,40.47,41.65,1571990,0.0224,Finance
2023-04-27,FINANCE_D,40.98,41.93,40.79,40.88,1503458,-0.0183,Finance
2023-04-28,FINANCE_D,41.34,42.28,40.31,41.23,1005893,0.0084,Finance
2023-05-01,FINANCE_D,40.95,41.62,39.85,41.03,705741,-0.0047,Finance
2023-05-02,FINANCE_D,41.02,41.93,40.81,41.03,1319868,-0.0001,Finance
2023-05-03,FINANCE_D,39.7,40.0,39.45,39.82,1373454,-0.0294,Finance
2023-05-04,FINANCE_D,39.69,40.53,38.62,39.57,1305247,-0.0063,Finance
2023-05-05,FINANCE_D,38.56,39.7,38.33,38.54,2097191,-0.026,Finance
2023-05-08,FINANCE_D,37.63,37.97,36.6,37.81,980349,-0.0191,Finance
2023-05-09,FINANCE_D,38.77,39.82,38.7,38.77,840319,0.0255,Finance
2023-05-10,FINANCE_D,38.51,39.07,37.75,38.38,1763031,-0.0102,Finance
2023-05-11,FINANCE_D,38.96,39.56,37.71,38.77,788128,0.0102,Finance
2023-05-12,FINANCE_D,38.88,39.07,38.67,38.95,967721,0.0047,Finance
2023-05-15,FINANCE_D,38.9,39.49,38.36,38.91,549604,-0.001,Finance
2023-05-16,FINANCE_D,38.35,38.91,38.04,38.28,1862511,-0.0162,Finance
2023-05-17,FINANCE_D,37.37,37.82,36.61,37.49,1252485,-0.0205,Finance
2023-05-18,FINANCE_D,37.39,37.69,36.27,37.33,1083423,-0.0044,Finance
2023-05-19,FINANCE_D,37.51,38.07,36.52,37.33,790328,0.0001,Finance
2023-05-22,FINANCE_D,37.96,38.57,37.44,37.89,1754051,0.0149,Finance
2023-05-23,FINANCE_D,37.92,38.58,37.48,37.97,731743,0.0021,Finance
2023-05-24,FINANCE_D,38.61,39.03,37.86,38.64,693729,0.0178,Finance
2023-05-25,FINANCE_D,38.46,39.54,37.54,38.51,1143753,-0.0035,Finance
2023-05-26,FINANCE_D,38.3,39.28,37.21,38.37,808660,-0.0035,Finance
2023-05-29,FINANCE_D,37.77,38.04,36.78,37.85,1810547,-0.0135,Finance
2023-05-30,FINANCE_D,37.96,38.68,37.2,37.96,1349459,0.0028,Finance
2023-05-31,FINANCE_D,37.61,37.78,37.12,37.56,1873355,-0.0107,Finance
2023-06-01,FINANCE_D,36.91,38.04,35.89,37.05,1092620,-0.0135,Finance
2023-06-02,FINANCE_D,37.42,38.47,37.39,37.57,826599,0.0142,Finance
2023-06-05,FINANCE_D,38.71,39.36,38.49,38.56,864436,0.0263,Finance
2023-06-06,FINANCE_D,38.68,38.95,38.47,38.73,1436364,0.0045,Finance
2023-06-07,FINANCE_D,39.05,39.63,38.85,39.11,1057182,0.0097,Finance
2023-06-08,FINANCE_D,38.22,39.37,37.32,38.33,1599029,-0.0198,Finance
2023-06-09,FINANCE_D,37.91,37.95,37.58,37.77,1197745,-0.0147,Finance
2023-06-12,FINANCE_D,37.28,37.57,36.12,37.21,2064561,-0.0149,Finance
2023-06-13,FINANCE_D,37.72,38.84,36.78,37.91,1190448,0.0188,Finance
2023-06-14,FINANCE_D,37.81,38.38,36.96,37.68,1539225,-0.0061,Finance
2023-06-15,FINANCE_D,37.88,38.34,37.58,37.94,998631,0.007,Finance
2023-06-16,FINANCE_D,38.33,38.9,37.67,38.21,1599846,0.0072,Finance
2023-06-19,FINANCE_D,37.96,38.44,37.95,37.96,745658,-0.0067,Finance
2023-06-20,FINANCE_D,38.48,39.5,37.65,38.41,962175,0.0119,Finance
2023-06-21,FINANCE_D,38.66,39.12,38.19,38.53,732406,0.003,Finance
2023-06-22,FINANCE_D,38.59,39.25,38.24,38.68,528147,0.004,Finance
2023-06-23,FINANCE_D,39.51,40.16,38.54,39.46,1793583,0.0201,Finance
2023-06-26,FINANCE_D,38.92,39.72,38.83,38.93,760000,-0.0135,Finance
2023-06-27,FINANCE_D,38.43,38.54,38.15,38.47,1241002,-0.0118,Finance
2023-06-28,FINANCE_D,38.11,38.72,37.92,37.98,657239,-0.0126,Finance
2023-06-29,FINANCE_D,38.56,39.44,38.09,38.55,574989,0.015,Finance
2023-06-30,FINANCE_D,38.53,39.41,37.81,38.51,1165944,-0.001,Finance
2023-07-03,FINANCE_D,37.73,38.17,37.62,37.71,1960936,-0.0207,Finance
2023-07-04,FINANCE_D,37.31,38.33,36.84,37.43,2008023,-0.0076,Finance
2023-07-05,FINANCE_D,37.12,37.76,37.09,37.22,1788136,-0.0056,Finance
2023-07-06,FINANCE_D,36.94,37.32,36.32,36.84,1485622,-0.0102,Finance
2023-07-07,FINANCE_D,37.16,37.97,36.75,37.12,625905,0.0077,Finance
2023-07-10,FINANCE_D,37.99,38.43,37.0,38.07,1271869,0.0255,Finance
2023-07-11,FINANCE_D,38.01,38.34,37.29,37.83,1666833,-0.0064,Finance
2023-07-12,FINANCE_D,38.12,38.46,37.34,38.3,1081327,0.0124,Finance
2023-07-13,FINANCE_D,38.29,38.3,37.75,38.16,709528,-0.0036,Finance
2023-07-14,FINANCE_D,38.41,38.66,37.99,38.41,759021,0.0067,Finance
2023-07-17,FINANCE_D,38.59,39.44,38.58,38.71,1907835,0.0078,Finance
2023-07-18,FINANCE_D,39.39,40.03,38.51,39.19,1979500,0.0124,Finance
2023-07-19,FINANCE_D,40.24,40.47,39.8,40.35,739133,0.0296,Finance
2023-07-20,FINANCE_D,39.8,40.98,38.85,39.78,1139070,-0.0142,Finance
2023-07-21,FINANCE_D,38.7,39.55,38.38,38.84,1367743,-0.0236,Finance
2023-07-24,FINANCE_D,39.18,39.38,38.46,39.16,1200999,0.0084,Finance
2023-07-25,FINANCE_D,38.68,39.66,38.19,38.49,1989816,-0.0171,Finance
2023-07-26,FINANCE_D,38.55,39.25,38.25,38.72,1415062,0.0058,Finance
2023-07-27,FINANCE_D,38.73,39.25,37.93,38.85,907508,0.0035,Finance
2023-07-28,FINANCE_D,39.1,39.97,38.77,38.96,1850151,0.0027,Finance
2023-07-31,FINANCE_D,37.88,38.31,36.81,37.91,2149747,-0.0268,Finance
2023-08-01,FINANCE_D,37.91,39.04,37.25,37.96,1734939,0.0012,Finance
2023-08-02,FINANCE_D,37.81,38.24,37.35,37.9,2013437,-0.0016,Finance
2023-08-03,FINANCE_D,38.36,39.28,37.61,38.25,1130698,0.0094,Finance
2023-08-04,FINANCE_D,38.15,39.38,38.11,38.27,1624911,0.0005,Finance
2023-08-07,FINANCE_D,37.97,38.05,37.61,37.79,1098794,-0.0127,Finance
2023-08-08,FINANCE_D,37.37,38.34,36.35,37.4,1083449,-0.0101,Finance
2023-08-09,FINANCE_D,37.55,38.4,36.4,37.45,809971,0.0013,Finance
2023-08-10,FINANCE_D,37.55,37.97,36.89,37.55,1694831,0.0027,Finance
2023-08-11,FINANCE_D,37.96,38.73,37.6,38.1,905560,0.0145,Finance
2023-08-14,FINANCE_D,37.96,39.0,37.4,37.96,749608,-0.0037,Finance
2023-08-15,FINANCE_D,38.38,38.67,37.41,38.56,760782,0.016,Finance
2023-08-16,FINANCE_D,39.32,39.95,38.58,39.42,2039004,0.0221,Finance
2023-08-17,FINANCE_D,39.9,40.01,39.25,39.89,1837377,0.012,Finance
2023-08-18,FINANCE_D,39.92,40.15,39.11,40.04,1103388,0.0037,Finance
2023-08-21,FINANCE_D,39.56,40.47,38.83,39.66,1518147,-0.0096,Finance
2023-08-22,FINANCE_D,39.47,40.12,38.57,39.46,1314426,-0.005,Finance
2023-08-23,FINANCE_D,39.47,39.68,38.56,39.44,831533,-0.0005,Finance
2023-08-24,FINANCE_D,39.08,39.66,39.06,39.25,1055122,-0.0047,Finance
2023-08-25,FINANCE_D,40.34,41.49,40.11,40.28,1913629,0.0263,Finance
2023-08-28,FINANCE_D,40.2,40.48,39.56,40.02,1891125,-0.0066,Finance
2023-08-29,FINANCE_D,39.98,40.67,39.95,40.14,1085350,0.003,Finance
2023-08-30,FINANCE_D,40.27,40.31,39.81,40.18,1910455,0.0009,Finance
2023-08-31,FINANCE_D,39.87,41.14,39.54,40.06,669191,-0.0028,Finance
2023-09-01,FINANCE_D,39.86,41.01,39.64,40.04,682690,-0.0006,Finance
2023-09-04,FINANCE_D,40.56,41.73,39.92,40.55,1612179,0.0128,Finance
2023-09-05,FINANCE_D,40.2,41.34,39.47,40.2,881769,-0.0088,Finance
2023-09-06,FINANCE_D,40.65,41.08,40.09,40.65,739216,0.0113,Finance
2023-09-07,FINANCE_D,40.23,40.77,39.76,40.43,1609003,-0.0053,Finance
2023-09-08,FINANCE_D,41.05,41.29,39.97,41.22,1287316,0.0195,Finance
2023-01-02,ENERGY_E,78.78,79.68,77.94,79.0,1102434,-0.0125,Energy
2023-01-03,ENERGY_E,75.1,75.52,73.38,75.35,722051,-0.0462,Energy
2023-01-04,ENERGY_E,77.72,79.57,76.09,77.62,1243465,0.0301,Energy
2023-01-05,ENERGY_E,76.39,77.83,75.58,76.68,1484643,-0.0122,Energy
2023-01-06,ENERGY_E,77.9,78.03,76.4,77.73,916632,0.0137,Energy
2023-01-09,ENERGY_E,78.43,78.82,76.67,78.6,692666,0.0112,Energy
2023-01-10,ENERGY_E,79.07,80.49,79.0,79.21,1141613,0.0077,Energy
2023-01-11,ENERGY_E,77.95,78.66,77.39,78.2,628978,-0.0127,Energy
2023-01-12,ENERGY_E,77.76,78.98,76.31,77.37,1091519,-0.0106,Energy
2023-01-13,ENERGY_E,76.74,77.48,76.57,76.87,966794,-0.0065,Energy
2023-01-16,ENERGY_E,80.09,80.98,77.89,80.14,944567,0.0425,Energy
2023-01-17,ENERGY_E,81.1,83.08,80.4,81.18,839134,0.013,Energy
2023-01-18,ENERGY_E,79.53,81.3,78.6,79.48,1546912,-0.021,Energy
2023-01-19,ENERGY_E,77.91,78.48,77.48,77.85,1345391,-0.0204,Energy
2023-01-20,ENERGY_E,79.57,81.47,79.21,79.46,1762778,0.0206,Energy
2023-01-23,ENERGY_E,79.65,81.11,79.37,79.56,878847,0.0013,Energy
2023-01-24,ENERGY_E,79.24,80.67,78.65,79.45,1179224,-0.0014,Energy
2023-01-25,ENERGY_E,78.21,80.14,76.21,78.13,1671222,-0.0166,Energy
2023-01-26,ENERGY_E,82.0,83.1,80.1,81.76,641399,0.0465,Energy
2023-01-27,ENERGY_E,80.53,81.46,79.32,80.65,1659625,-0.0136,Energy
2023-01-30,ENERGY_E,82.75,83.73,81.7,82.53,1765345,0.0233,Energy
2023-01-31,ENERGY_E,81.81,83.47,80.63,81.49,625550,-0.0126,Energy
2023-02-01,ENERGY_E,81.22,82.6,80.59,80.96,2024672,-0.0064,Energy
2023-02-02,ENERGY_E,81.92,84.21,79.74,82.3,1208412,0.0166,Energy
2023-02-03,ENERGY_E,79.82,81.48,77.19,79.56,1288462,-0.0333,Energy
2023-02-06,ENERGY_E,80.11,81.68,77.88,79.74,1044002,0.0022,Energy
2023-02-07,ENERGY_E,79.64,80.17,78.22,79.26,1133651,-0.006,Energy
2023-02-08,ENERGY_E,79.99,81.71,78.91,80.12,967516,0.0109,Energy
2023-02-09,ENERGY_E,80.57,82.06,78.52,80.75,1784119,0.0079,Energy
2023-02-10,ENERGY_E,79.29,80.26,78.63,79.31,2101946,-0.0179,Energy
2023-02-13,ENERGY_E,78.92,79.34,78.57,78.72,1128630,-0.0074,Energy
2023-02-14,ENERGY_E,74.13,76.28,72.64,74.29,1752898,-0.0563,Energy
2023-02-15,ENERGY_E,72.72,74.65,72.23,72.91,1032208,-0.0186,Energy
2023-02-16,ENERGY_E,74.82,76.17,73.82,74.77,702321,0.0255,Energy
2023-02-17,ENERGY_E,76.6,77.68,75.18,76.47,1993464,0.0227,Energy
2023-02-20,ENERGY_E,77.65,79.35,77.61,77.94,1028140,0.0193,Energy
2023-02-21,ENERGY_E,76.08,78.36,74.88,75.82,1095445,-0.0272,Energy
2023-02-22,ENERGY_E,77.08,78.38,75.51,77.33,1017325,0.02,Energy
2023-02-23,ENERGY_E,78.39,79.38,76.56,78.11,1475537,0.01,Energy
2023-02-24,ENERGY_E,76.92,77.87,75.28,76.91,625552,-0.0154,Energy
2023-02-27,ENERGY_E,75.7,77.55,75.34,75.68,921231,-0.016,Energy
2023-02-28,ENERGY_E,77.37,79.61,77.14,77.44,906686,0.0233,Energy
2023-03-01,ENERGY_E,77.75,78.36,75.88,77.94,1921902,0.0065,Energy
2023-03-02,ENERGY_E,80.21,81.82,80.09,80.3,869822,0.0303,Energy
2023-03-03,ENERGY_E,83.53,83.93,81.94,83.85,1228825,0.0442,Energy
2023-03-06,ENERGY_E,84.31,85.3,82.4,84.09,1765410,0.0029,Energy
2023-03-07,ENERGY_E,79.15,79.71,77.26,78.88,2276405,-0.062,Energy
2023-03-08,ENERGY_E,78.42,78.9,76.49,78.46,1167127,-0.0052,Energy
2023-03-09,ENERGY_E,77.68,79.63,77.43,77.48,649341,-0.0126,Energy
2023-03-10,ENERGY_E,78.69,79.47,76.79,78.66,990966,0.0153,Energy
2023-03-13,ENERGY_E,77.27,77.73,77.19,77.32,717645,-0.017,Energy
2023-03-14,ENERGY_E,80.14,80.66,78.42,80.01,1489957,0.0347,Energy
2023-03-15,ENERGY_E,79.22,80.51,77.86,79.11,1230089,-0.0112,Energy
2023-03-16,ENERGY_E,74.16,76.14,73.32,74.13,2081946,-0.0629,Energy
2023-03-17,ENERGY_E,74.08,75.51,73.07,74.0,544999,-0.0017,Energy
2023-03-20,ENERGY_E,72.29,74.31,71.04,72.58,1865343,-0.0192,Energy
2023-03-21,ENERGY_E,72.04,72.76,70.42,72.21,1460997,-0.0052,Energy
2023-03-22,ENERGY_E,71.79,73.98,69.89,71.88,1257715,-0.0045,Energy
2023-03-23,ENERGY_E,73.91,74.2,72.29,73.98,621861,0.0292,Energy
2023-03-24,ENERGY_E,74.65,75.82,73.52,74.42,1597057,0.0059,Energy
2023-03-27,ENERGY_E,76.27,76.48,74.44,75.96,1726345,0.0208,Energy
2023-03-28,ENERGY_E,73.75,76.14,72.5,74.03,892903,-0.0254,Energy
2023-03-29,ENERGY_E,75.2,75.43,74.27,74.87,1519429,0.0113,Energy
2023-03-30,ENERGY_E,74.19,75.8,73.02,74.45,520805,-0.0057,Energy
2023-03-31,ENERGY_E,73.72,74.5,71.74,73.38,893726,-0.0144,Energy
2023-04-03,ENERGY_E,72.43,73.82,70.79,72.16,2000388,-0.0166,Energy
2023-04-04,ENERGY_E,69.75,70.23,68.83,69.58,2220753,-0.0358,Energy
2023-04-05,ENERGY_E,72.59,74.09,70.3,72.25,1033181,0.0384,Energy
2023-04-06,ENERGY_E,72.27,72.87,72.11,72.2,1111695,-0.0007,Energy
2023-04-07,ENERGY_E,75.14,76.01,73.05,75.13,1677299,0.0405,Energy
2023-04-10,ENERGY_E,74.75,76.28,73.09,74.47,721654,-0.0087,Energy
2023-04-11,ENERGY_E,76.82,78.05,76.45,76.89,726658,0.0325,Energy
2023-04-12,ENERGY_E,75.69,76.17,74.16,75.66,1583898,-0.016,Energy
2023-04-13,ENERGY_E,75.62,77.3,73.67,75.78,1616263,0.0016,Energy
2023-04-14,ENERGY_E,75.26,77.45,74.95,75.15,963632,-0.0084,Energy
2023-04-17,ENERGY_E,75.29,75.35,73.23,75.21,1383132,0.0009,Energy
2023-04-18,ENERGY_E,75.3,77.34,73.08,74.99,1093054,-0.003,Energy
2023-04-19,ENERGY_E,75.11,76.89,73.79,74.92,646887,-0.001,Energy
2023-04-20,ENERGY_E,73.84,76.0,72.14,73.93,1043988,-0.0131,Energy
2023-04-21,ENERGY_E,75.63,76.51,74.22,75.32,1313723,0.0188,Energy
2023-04-24,ENERGY_E,77.14,78.92,76.42,76.81,768995,0.0198,Energy
2023-04-25,ENERGY_E,75.9,76.4,75.17,76.26,1095822,-0.0071,Energy
2023-04-26,ENERGY_E,78.89,80.63,76.3,78.6,1765185,0.0307,Energy
2023-04-27,ENERGY_E,78.12,80.17,76.75,78.03,1775572,-0.0073,Energy
2023-04-28,ENERGY_E,75.98,76.93,74.63,75.77,1774985,-0.0289,Energy
2023-05-01,ENERGY_E,74.86,75.27,74.31,74.51,1068982,-0.0167,Energy
2023-05-02,ENERGY_E,76.03,77.07,75.23,75.83,798939,0.0178,Energy
2023-05-03,ENERGY_E,75.28,75.95,74.32,75.01,1824238,-0.0109,Energy
2023-05-04,ENERGY_E,74.84,75.07,74.3,74.54,820893,-0.0063,Energy
2023-05-05,ENERGY_E,75.63,76.51,74.48,76.01,1241438,0.0197,Energy
2023-05-08,ENERGY_E,77.88,78.72,77.41,77.56,1310496,0.0204,Energy
2023-05-09,ENERGY_E,75.55,77.12,74.93,75.71,625442,-0.0239,Energy
2023-05-10,ENERGY_E,76.16,77.45,74.03,76.13,1286400,0.0057,Energy
2023-05-11,ENERGY_E,76.03,77.35,75.46,75.83,843386,-0.0039,Energy
2023-05-12,ENERGY_E,76.22,76.44,74.61,75.97,806293,0.0018,Energy
2023-05-15,ENERGY_E,76.23,76.62,74.61,76.59,744331,0.0082,Energy
2023-05-16,ENERGY_E,77.86,79.41,77.62,77.76,2074221,0.0152,Energy
2023-05-17,ENERGY_E,78.11,79.52,78.01,78.11,1869066,0.0045,Energy
2023-05-18,ENERGY_E,73.96,74.84,73.59,74.25,2165303,-0.0494,Energy
2023-05-19,ENERGY_E,75.93,77.01,73.98,75.8,2024326,0.0209,Energy
2023-05-22,ENERGY_E,74.38,74.75,73.59,74.25,1777372,-0.0205,Energy
2023-05-23,ENERGY_E,74.18,74.52,72.93,73.82,1528743,-0.0058,Energy
2023-05-24,ENERGY_E,74.34,75.46,74.09,74.4,1525787,0.0079,Energy
2023-05-25,ENERGY_E,72.25,72.88,72.15,72.61,1844443,-0.0241,Energy
2023-05-26,ENERGY_E,72.92,73.0,71.89,72.59,567213,-0.0003,Energy
2023-05-29,ENERGY_E,71.42,72.93,69.88,71.71,1579383,-0.0121,Energy
2023-05-30,ENERGY_E,73.86,75.42,73.73,73.74,1233271,0.0284,Energy
2023-05-31,ENERGY_E,76.06,76.14,75.64,76.0,665458,0.0306,Energy
2023-06-01,ENERGY_E,75.48,75.96,73.39,75.72,548135,-0.0036,Energy
2023-06-02,ENERGY_E,75.39,75.86,74.62,75.58,847312,-0.0019,Energy
2023-06-05,ENERGY_E,74.13,75.42,72.59,74.48,1048662,-0.0145,Energy
2023-06-06,ENERGY_E,77.75,79.93,76.53,77.66,1466362,0.0426,Energy
2023-06-07,ENERGY_E,76.36,78.31,74.39,76.58,1322706,-0.0139,Energy
2023-06-08,ENERGY_E,79.99,82.26,77.67,79.65,1072096,0.0402,Energy
2023-06-09,ENERGY_E,78.3,79.51,76.77,78.05,1723247,-0.0201,Energy
2023-06-12,ENERGY_E,78.77,79.87,77.62,78.7,1783552,0.0083,Energy
2023-06-13,ENERGY_E,78.92,80.46,78.77,78.83,1439916,0.0017,Energy
2023-06-14,ENERGY_E,81.59,81.62,80.16,81.46,1882821,0.0333,Energy
2023-06-15,ENERGY_E,79.75,81.62,78.44,79.75,2181763,-0.0209,Energy
2023-06-16,ENERGY_E,78.75,80.09,77.22,78.81,914386,-0.0118,Energy
2023-06-19,ENERGY_E,78.47,79.36,77.47,78.33,1718945,-0.006,Energy
2023-06-20,ENERGY_E,77.28,78.32,76.93,77.23,1946694,-0.0141,Energy
2023-06-21,ENERGY_E,79.37,79.71,77.39,79.49,1204694,0.0294,Energy
2023-06-22,ENERGY_E,82.72,84.52,82.57,82.86,1791105,0.0424,Energy
2023-06-23,ENERGY_E,84.01,85.76,82.85,84.3,1962401,0.0173,Energy
2023-06-26,ENERGY_E,82.6,83.9,81.82,82.51,619821,-0.0211,Energy
2023-06-27,ENERGY_E,79.18,79.47,77.51,79.13,1798269,-0.041,Energy
2023-06-28,ENERGY_E,78.45,79.98,76.15,78.29,1438715,-0.0107,Energy
2023-06-29,ENERGY_E,76.53,77.38,75.29,76.8,727248,-0.019,Energy
2023-06-30,ENERGY_E,78.15,79.15,77.47,77.77,2058242,0.0126,Energy
2023-07-03,ENERGY_E,78.34,79.73,76.13,78.6,1507862,0.0107,Energy
2023-07-04,ENERGY_E,76.49,76.57,75.82,76.26,620383,-0.0298,Energy
2023-07-05,ENERGY_E,77.0,77.18,75.15,76.88,1646928,0.0081,Energy
2023-07-06,ENERGY_E,77.35,77.46,76.59,77.03,603742,0.002,Energy
2023-07-07,ENERGY_E,73.67,74.21,73.66,73.95,924317,-0.04,Energy
2023-07-10,ENERGY_E,76.65,77.55,74.52,76.44,1344584,0.0337,Energy
2023-07-11,ENERGY_E,74.34,76.08,72.43,74.14,876983,-0.03,Energy
2023-07-12,ENERGY_E,73.41,74.08,72.13,73.42,1569950,-0.0097,Energy
2023-07-13,ENERGY_E,72.87,73.87,72.4,73.08,1499673,-0.0046,Energy
2023-07-14,ENERGY_E,75.18,76.51,73.27,74.98,565276,0.0259,Energy
2023-07-17,ENERGY_E,73.13,74.94,72.25,72.91,699709,-0.0276,Energy
2023-07-18,ENERGY_E,74.81,75.34,73.88,74.89,1975842,0.0272,Energy
2023-07-19,ENERGY_E,75.09,76.78,74.28,75.43,1453776,0.0072,Energy
2023-07-20,ENERGY_E,77.24,78.07,76.35,77.52,599653,0.0278,Energy
2023-07-21,ENERGY_E,80.09,81.69,78.16,79.98,1618842,0.0317,Energy
2023-07-24,ENERGY_E,76.97,79.1,75.65,77.0,1714191,-0.0373,Energy
2023-07-25,ENERGY_E,77.04,77.58,74.92,77.4,1710898,0.0052,Energy
2023-07-26,ENERGY_E,75.52,75.9,73.63,75.33,1299561,-0.0267,Energy
2023-07-27,ENERGY_E,74.1,75.53,72.63,74.22,1169638,-0.0147,Energy
2023-07-28,ENERGY_E,74.61,76.05,73.57,74.56,1716038,0.0045,Energy
2023-07-31,ENERGY_E,74.89,75.14,74.43,74.86,1673880,0.004,Energy
2023-08-01,ENERGY_E,73.9,74.73,72.81,74.07,737591,-0.0105,Energy
2023-08-02,ENERGY_E,74.78,75.27,73.13,74.86,1642998,0.0107,Energy
2023-08-03,ENERGY_E,73.72,75.59,73.13,74.02,1817331,-0.0112,Energy
2023-08-04,ENERGY_E,74.12,76.05,72.26,74.14,881133,0.0015,Energy
2023-08-07,ENERGY_E,74.43,74.98,73.59,74.63,636215,0.0067,Energy
2023-08-08,ENERGY_E,73.67,74.24,71.46,74.0,1610355,-0.0084,Energy
2023-08-09,ENERGY_E,71.5,73.44,70.43,71.69,1789433,-0.0312,Energy
2023-08-10,ENERGY_E,72.13,72.68,72.07,72.17,1392981,0.0066,Energy
2023-08-11,ENERGY_E,71.63,72.21,71.49,71.75,1873791,-0.0058,Energy
2023-08-14,ENERGY_E,69.94,70.89,69.44,70.15,903716,-0.0224,Energy
2023-08-15,ENERGY_E,72.8,74.34,72.05,72.69,2300283,0.0363,Energy
2023-08-16,ENERGY_E,73.78,75.84,71.62,73.9,1009578,0.0166,Energy
2023-08-17,ENERGY_E,73.82,76.0,73.04,74.12,551445,0.003,Energy
2023-08-18,ENERGY_E,73.58,75.49,72.68,73.43,571310,-0.0094,Energy
2023-08-21,ENERGY_E,74.03,74.85,72.88,74.12,1885982,0.0095,Energy
2023-08-22,ENERGY_E,75.02,75.43,74.72,75.21,578908,0.0146,Energy
2023-08-23,ENERGY_E,74.77,75.07,74.54,74.76,1672631,-0.0059,Energy
2023-08-24,ENERGY_E,76.0,77.56,73.83,75.68,1021212,0.0122,Energy
2023-08-25,ENERGY_E,80.11,81.03,79.06,79.77,2466619,0.0541,Energy
2023-08-28,ENERGY_E,78.96,81.28,77.59,79.23,1652359,-0.0067,Energy
2023-08-29,ENERGY_E,77.12,79.74,76.68,77.48,711697,-0.0221,Energy
2023-08-30,ENERGY_E,75.73,77.11,75.02,75.35,682388,-0.0275,Energy
2023-08-31,ENERGY_E,77.69,79.14,76.39,78.0,968457,0.035,Energy
2023-09-01,ENERGY_E,76.05,78.42,74.43,76.2,914321,-0.023,Energy
2023-09-04,ENERGY_E,79.75,81.55,77.27,79.57,1331405,0.0442,Energy
2023-09-05,ENERGY_E,80.53,82.71,79.35,80.31,605326,0.0093,Energy
2023-09-06,ENERGY_E,79.25,79.4,77.12,79.05,1213517,-0.0157,Energy
2023-09-07,ENERGY_E,78.72,79.71,77.45,78.75,1600154,-0.0039,Energy
2023-09-08,ENERGY_E,79.93,80.94,79.0,80.09,1340959,0.017,Energy
